{
  "created": "2025-12-11T17:02:41.084057",
  "total": 160,
  "pharmacies": [
    {
      "nom": "PHARMACIE DU MAYO BANYO",
      "lat": 3.851,
      "lon": 11.5021,
      "ville": "Banyo",
      "telephone": "699 52 24 77",
      "adresse": "695 20 97 01",
      "region": "Adamaoua",
      "source": "website_only"
    },
    {
      "nom": "PHARMACIE CARREFOUR AOUDI",
      "lat": 3.851,
      "lon": 11.5021,
      "ville": "Kousseri",
      "telephone": "222 29 40 82",
      "adresse": "242 17 24 88",
      "region": "Extrême-Nord",
      "source": "website_only"
    },
    {
      "nom": "PHARMACIE ADAMA",
      "lat": 7.3197,
      "lon": 13.5833,
      "ville": "Ngaoundere",
      "telephone": "242 25 24 64",
      "adresse": "",
      "region": "Adamaoua",
      "source": "website_only"
    },
    {
      "nom": "PHARMACIE DE L'ESPERANCE",
      "lat": 3.851,
      "lon": 11.5021,
      "ville": "Abong Mbang",
      "telephone": "698 00 96 72",
      "adresse": "",
      "region": "Est",
      "source": "website_only"
    },
    {
      "nom": "PHARMACIE DE L'ENTENTE22 19 80 51Ngaoundéré:",
      "lat": 7.3197715389666165,
      "lon": 13.584977989385115,
      "ville": "Ngaoundere",
      "telephone": "",
      "adresse": "",
      "region": "Adamaoua",
      "source": "website_only"
    },
    {
      "nom": "PHARMACIE DE LA GARE NGAOUNDERE",
      "lat": 7.318861209223472,
      "lon": 13.586665883939231,
      "ville": "Ngaoundere",
      "telephone": "222 25 16 88",
      "adresse": "694 01 01 45",
      "region": "Adamaoua",
      "source": "website_only"
    },
    {
      "nom": "PHARMACIE GRAND MARCHE NGAOUNDERE22 15 78 44Ngaoundéré:",
      "lat": 7.317018317407505,
      "lon": 13.587788727439717,
      "ville": "Ngaoundere",
      "telephone": "699 10 05 54",
      "adresse": "",
      "region": "Adamaoua",
      "source": "website_only"
    },
    {
      "nom": "PHARMACIE LA VINA",
      "lat": 7.314619265817265,
      "lon": 13.587846487134128,
      "ville": "Ngaoundere",
      "telephone": "222 25 14 68",
      "adresse": "",
      "region": "Adamaoua",
      "source": "website_only"
    },
    {
      "nom": "PHARMACIE AIDA 22 28 57 70 BAFIA",
      "lat": 3.851,
      "lon": 11.5021,
      "ville": "Bafia",
      "telephone": "674 14 57 57",
      "adresse": "",
      "region": "Centre",
      "source": "website_only"
    },
    {
      "nom": "PHARMACIE BASIA",
      "lat": 3.8510715389666164,
      "lon": 11.503777989385116,
      "ville": "Bafia",
      "telephone": "222 28 54 04",
      "adresse": "BAFIA",
      "region": "Centre",
      "source": "website_only"
    },
    {
      "nom": "PHARMACIE VIMLI",
      "lat": 3.851,
      "lon": 11.5021,
      "ville": "Mbalmayo",
      "telephone": "222 04 85 38",
      "adresse": "Mbalmayo",
      "region": "Centre",
      "source": "website_only"
    },
    {
      "nom": "PHARMACIE NYONG",
      "lat": 3.8510715389666164,
      "lon": 11.503777989385116,
      "ville": "Mbalmayo",
      "telephone": "697 40 54 36",
      "adresse": "Mbalmayo",
      "region": "Centre",
      "source": "website_only"
    },
    {
      "nom": "PHARMACIE PATIENCE",
      "lat": 3.8501612092234723,
      "lon": 11.505465883939232,
      "ville": "Mbalmayo",
      "telephone": "222 28 17 56",
      "adresse": "Mbalmayo",
      "region": "Centre",
      "source": "website_only"
    },
    {
      "nom": "PHARMACIE CANNES",
      "lat": 3.851,
      "lon": 11.5021,
      "ville": "Mbandjock",
      "telephone": "222 23 68 30",
      "adresse": "Mbandjock",
      "region": "Centre",
      "source": "website_only"
    },
    {
      "nom": "PHARMACIE CAMERIC",
      "lat": 3.851,
      "lon": 11.5021,
      "ville": "Mbankomo",
      "telephone": "679 79 50 79",
      "adresse": "",
      "region": "Centre",
      "source": "website_only"
    },
    {
      "nom": "PHARMACIE AFAMBA",
      "lat": 3.851,
      "lon": 11.5021,
      "ville": "Obala",
      "telephone": "222 20 68 48",
      "adresse": "NOUVELLE GESTION",
      "region": "Centre",
      "source": "website_only"
    },
    {
      "nom": "PHARMACIE SAINT THOMAS",
      "lat": 3.8510715389666164,
      "lon": 11.503777989385116,
      "ville": "Obala",
      "telephone": "699 68 59 35",
      "adresse": "Obala",
      "region": "Centre",
      "source": "website_only"
    },
    {
      "nom": "PHARMACIE D'OBALA",
      "lat": 3.8501612092234723,
      "lon": 11.505465883939232,
      "ville": "Obala",
      "telephone": "222 28 56 78",
      "adresse": "Obala 677 63 98 26",
      "region": "Centre",
      "source": "website_only"
    },
    {
      "nom": "PHARMACIE DE LA RENAISSANCE",
      "lat": 3.851,
      "lon": 11.5021,
      "ville": "Sa A",
      "telephone": "677 98 20 76",
      "adresse": "",
      "region": "Centre",
      "source": "website_only"
    },
    {
      "nom": "PHARMACIE de Sa'a",
      "lat": 3.8510715389666164,
      "lon": 11.503777989385116,
      "ville": "Sa A",
      "telephone": "222 28 58 77",
      "adresse": "Sa'a",
      "region": "Centre",
      "source": "website_only"
    },
    {
      "nom": "PHARMACIE PALAIS",
      "lat": 3.851,
      "lon": 11.5021,
      "ville": "Yaounde",
      "telephone": "691 54 16 18",
      "adresse": "ETOUDI STATIONNEMENT",
      "region": "Centre",
      "source": "website_only"
    },
    {
      "nom": "PHARMACIE ACACIAS",
      "lat": 3.8510715389666164,
      "lon": 11.503777989385116,
      "ville": "Yaounde",
      "telephone": "699 61 96 54",
      "adresse": "BIYEM-ASSI CENTRE",
      "region": "Centre",
      "source": "website_only"
    },
    {
      "nom": "PHARMACIE D'ODZA",
      "lat": 3.8501612092234723,
      "lon": 11.505465883939232,
      "ville": "Yaounde",
      "telephone": "222 30 51 33",
      "adresse": "Carrefour MBOG-ABANG 697 99 85 90",
      "region": "Centre",
      "source": "website_only"
    },
    {
      "nom": "WORLD PHARMACY",
      "lat": 3.8483183174075046,
      "lon": 11.506588727439718,
      "ville": "Yaounde",
      "telephone": "670 11 60 14",
      "adresse": "CAMP SIC NLONGKAK 693 96 42 34",
      "region": "Centre",
      "source": "website_only"
    },
    {
      "nom": "PHARMACIE PETALES",
      "lat": 3.845919265817264,
      "lon": 11.506646487134129,
      "ville": "Yaounde",
      "telephone": "222 23 15 97",
      "adresse": "vers LE CAPITOLE",
      "region": "Centre",
      "source": "website_only"
    },
    {
      "nom": "PHARMACIE DU JOURDAIN",
      "lat": 3.843593710114492,
      "lon": 11.505391596792572,
      "ville": "Yaounde",
      "telephone": "242 02 60 30",
      "adresse": "Immeuble MACABO - NKOMKANA 222 22 28 63",
      "region": "Centre",
      "source": "website_only"
    },
    {
      "nom": "PHARMACIE MARIJOVA",
      "lat": 3.842060045020397,
      "lon": 11.50294672004836,
      "ville": "Yaounde",
      "telephone": "699 98 86 83",
      "adresse": "Entrée CARREFOUR MECC",
      "region": "Centre",
      "source": "website_only"
    },
    {
      "nom": "Nasturtium Pharmacy",
      "lat": 3.8419130315326098,
      "lon": 11.499819909020017,
      "ville": "Yaounde",
      "telephone": "242 66 63 05",
      "adresse": "Siantou Supérieur699 83 81 06",
      "region": "Centre",
      "source": "website_only"
    },
    {
      "nom": "PHARMACIE PERSEVERANCE",
      "lat": 3.8434244946539544,
      "lon": 11.496802382532845,
      "ville": "Yaounde",
      "telephone": "243 84 41 35",
      "adresse": "AWAE ESCALIER 243 84 67 75",
      "region": "Centre",
      "source": "website_only"
    },
    {
      "nom": "PHARMACIE ISIS",
      "lat": 3.846419031504269,
      "lon": 11.494768524117513,
      "ville": "Yaounde",
      "telephone": "222 23 35 78",
      "adresse": "EMOMBO 2ème CARREFOUR",
      "region": "Centre",
      "source": "website_only"
    },
    {
      "nom": "PHARMACIE HERMES",
      "lat": 3.8502692974837056,
      "lon": 11.494428605802696,
      "ville": "Yaounde",
      "telephone": "243 64 11 81",
      "adresse": "Face BOULANGERIE NEZATI_EMANA 677 98 70 75",
      "region": "Centre",
      "source": "website_only"
    },
    {
      "nom": "PHARMACIE DE LA VIE",
      "lat": 3.8540236930814755,
      "lon": 11.496102907232652,
      "ville": "Yaounde",
      "telephone": "222 22 67 87",
      "adresse": "face FOKOU MOKOLO",
      "region": "Centre",
      "source": "website_only"
    },
    {
      "nom": "PHARMACIE DE MINKAN",
      "lat": 3.8566415325798533,
      "lon": 11.49958526051621,
      "ville": "Yaounde",
      "telephone": "673 49 07 17",
      "adresse": "Carrefour JESUS 697 24 77 75",
      "region": "Centre",
      "source": "website_only"
    },
    {
      "nom": "PHARMACIE LEADER",
      "lat": 3.857277582444416,
      "lon": 11.504143639886834,
      "ville": "Yaounde",
      "telephone": "694 04 21 88",
      "adresse": "à côté de la BGFI BANK, Omnisports",
      "region": "Centre",
      "source": "website_only"
    },
    {
      "nom": "CHEKEM PHARMACY",
      "lat": 3.8555390225434327,
      "lon": 11.508669865987189,
      "ville": "Yaounde",
      "telephone": "672 51 89 19",
      "adresse": "face SUN CITY - ESSOS",
      "region": "Centre",
      "source": "website_only"
    },
    {
      "nom": "ORIENT PHARMACY",
      "lat": 3.851,
      "lon": 11.5021,
      "ville": "Batouri",
      "telephone": "242 63 56 33",
      "adresse": ":",
      "region": "Est",
      "source": "website_only"
    },
    {
      "nom": "PHARMACIE LA GLOIRE",
      "lat": 4.5802000000000005,
      "lon": 13.6847,
      "ville": "Bertoua",
      "telephone": "222 12 47 48",
      "adresse": "À coté du SENAJES, quartier TINDAMBA6222 24 23 23",
      "region": "Est",
      "source": "website_only"
    },
    {
      "nom": "PHARMACIE STELLA",
      "lat": 4.580271538966617,
      "lon": 13.686377989385115,
      "ville": "Bertoua",
      "telephone": "222 24 23 37",
      "adresse": "Quartier BAVELE6677 42 93 49",
      "region": "Est",
      "source": "website_only"
    },
    {
      "nom": "PHARMACIE LE BRUXELLOIS",
      "lat": 4.579361209223473,
      "lon": 13.688065883939231,
      "ville": "Bertoua",
      "telephone": "222 24 17 17",
      "adresse": "Face Délégation du Travail696 39 93 23",
      "region": "Est",
      "source": "website_only"
    },
    {
      "nom": "PHARMACIE LA GÉNÉRALE",
      "lat": 4.577518317407505,
      "lon": 13.689188727439717,
      "ville": "Bertoua",
      "telephone": "222 24 21 24",
      "adresse": "Derrière Radio AURORE699 53 70 46",
      "region": "Est",
      "source": "website_only"
    },
    {
      "nom": "PHARMACIE GALIEN",
      "lat": 4.575119265817265,
      "lon": 13.689246487134128,
      "ville": "Bertoua",
      "telephone": "222 24 14 16",
      "adresse": "Face Légion de Gendarmerie677 89 57 58",
      "region": "Est",
      "source": "website_only"
    },
    {
      "nom": "PHARMACIE MOKOLO",
      "lat": 4.572793710114492,
      "lon": 13.687991596792571,
      "ville": "Bertoua",
      "telephone": "222 24 21 24",
      "adresse": "Derrière Radio AURORE : 699 53 70 46",
      "region": "Est",
      "source": "website_only"
    },
    {
      "nom": "PHARMACIE DE LA FRONTIÈRE",
      "lat": 3.851,
      "lon": 11.5021,
      "ville": "Garoua Boulai",
      "telephone": "699 22 32 99",
      "adresse": "",
      "region": "Est",
      "source": "website_only"
    },
    {
      "nom": "PHARMACIE QUSSUR",
      "lat": 3.8510715389666164,
      "lon": 11.503777989385116,
      "ville": "Kousseri",
      "telephone": "675 08 69 08",
      "adresse": "",
      "region": "Extrême-Nord",
      "source": "website_only"
    },
    {
      "nom": "PHARMACIE DU CHARI",
      "lat": 3.8501612092234723,
      "lon": 11.505465883939232,
      "ville": "Kousseri",
      "telephone": "222 29 40 80",
      "adresse": "675 25 43 01",
      "region": "Extrême-Nord",
      "source": "website_only"
    },
    {
      "nom": "PHARMACIE DE MAGA",
      "lat": 3.851,
      "lon": 11.5021,
      "ville": "Maga",
      "telephone": "699 51 90 59",
      "adresse": "",
      "region": "Extrême-Nord",
      "source": "website_only"
    },
    {
      "nom": "PHARMACIE KALIAO",
      "lat": 10.5986,
      "lon": 14.3159,
      "ville": "Maroua",
      "telephone": "222 29 32 59",
      "adresse": "",
      "region": "Extrême-Nord",
      "source": "website_only"
    },
    {
      "nom": "PHARMACIE FERNGO",
      "lat": 10.598671538966615,
      "lon": 14.317577989385114,
      "ville": "Maroua",
      "telephone": "222 29 15 43",
      "adresse": "Quartier Kakatare",
      "region": "Extrême-Nord",
      "source": "website_only"
    },
    {
      "nom": "PHARMACIE EXTREME NORD22 29 12 40Maroua: Quartier Kakatare",
      "lat": 10.597761209223473,
      "lon": 14.31926588393923,
      "ville": "Maroua",
      "telephone": "",
      "adresse": "",
      "region": "Extrême-Nord",
      "source": "website_only"
    },
    {
      "nom": "PHARMACIE EMERAUDE",
      "lat": 10.595918317407504,
      "lon": 14.320388727439717,
      "ville": "Maroua",
      "telephone": "696 29 73 96",
      "adresse": "Quartier Kakatare",
      "region": "Extrême-Nord",
      "source": "website_only"
    },
    {
      "nom": "PHARMACIE DU SAHEL22 29 16 56Maroua:",
      "lat": 10.593519265817264,
      "lon": 14.320446487134127,
      "ville": "Maroua",
      "telephone": "",
      "adresse": "",
      "region": "Extrême-Nord",
      "source": "website_only"
    },
    {
      "nom": "PHARMACIE DU CENTRE MAROUA",
      "lat": 10.59119371011449,
      "lon": 14.319191596792571,
      "ville": "Maroua",
      "telephone": "222 29 12 09",
      "adresse": "",
      "region": "Extrême-Nord",
      "source": "website_only"
    },
    {
      "nom": "PHARMACIE DU BOULEVARD",
      "lat": 10.589660045020397,
      "lon": 14.316746720048359,
      "ville": "Maroua",
      "telephone": "222 29 32 31",
      "adresse": "",
      "region": "Extrême-Nord",
      "source": "website_only"
    },
    {
      "nom": "PHARMACIE DE MAROUA6",
      "lat": 10.58951303153261,
      "lon": 14.313619909020016,
      "ville": "Maroua",
      "telephone": "222 29 33 14",
      "adresse": "",
      "region": "Extrême-Nord",
      "source": "website_only"
    },
    {
      "nom": "PHARMACIE DOMAYO SARL",
      "lat": 10.591024494653954,
      "lon": 14.310602382532844,
      "ville": "Maroua",
      "telephone": "699 59 84 83",
      "adresse": "",
      "region": "Extrême-Nord",
      "source": "website_only"
    },
    {
      "nom": "PHARMACIE DU MAYO DANAY",
      "lat": 3.851,
      "lon": 11.5021,
      "ville": "Yagoua",
      "telephone": "222 29 65 20",
      "adresse": "",
      "region": "Extrême-Nord",
      "source": "website_only"
    },
    {
      "nom": "PHARMACIE DU BON SECOURS",
      "lat": 3.8510715389666164,
      "lon": 11.503777989385116,
      "ville": "Yagoua",
      "telephone": "222 20 25 19",
      "adresse": "677 73 68 82",
      "region": "Extrême-Nord",
      "source": "website_only"
    },
    {
      "nom": "ST. JOSEF PHARMACY",
      "lat": 4.0541,
      "lon": 9.7679,
      "ville": "Douala",
      "telephone": "699 10 48 18",
      "adresse": "LOGBESSOU SISTERS' HOP STREET",
      "region": "Littoral",
      "source": "website_only"
    },
    {
      "nom": "PHARMACIE AXIALE",
      "lat": 4.054171538966616,
      "lon": 9.769577989385114,
      "ville": "Douala",
      "telephone": "233 41 39 39",
      "adresse": "Axe lourd BEPANDA 674 14 57 57",
      "region": "Littoral",
      "source": "website_only"
    },
    {
      "nom": "PHARMACIE LA TRINITE",
      "lat": 4.053261209223472,
      "lon": 9.77126588393923,
      "ville": "Douala",
      "telephone": "233 42 46 44",
      "adresse": "RUE JAMOT CLINIQUE DU BERCEAU",
      "region": "Littoral",
      "source": "website_only"
    },
    {
      "nom": "PHARMACIE CARREFOUR ANATOLE",
      "lat": 4.051418317407505,
      "lon": 9.772388727439717,
      "ville": "Douala",
      "telephone": "233128697",
      "adresse": "TOTAL ANATOLE BALI",
      "region": "Littoral",
      "source": "website_only"
    },
    {
      "nom": "PHARMACIE NJO NJO",
      "lat": 4.049019265817265,
      "lon": 9.772446487134127,
      "ville": "Douala",
      "telephone": "233423925",
      "adresse": "AVENUE NJO NJO",
      "region": "Littoral",
      "source": "website_only"
    },
    {
      "nom": "PHARMACIE SHEKINA",
      "lat": 4.046693710114492,
      "lon": 9.77119159679257,
      "ville": "Douala",
      "telephone": "699 60 88 41",
      "adresse": "ENTREE LYCEE NDOGPASSI",
      "region": "Littoral",
      "source": "website_only"
    },
    {
      "nom": "010PHARMACIE ARC",
      "lat": 4.045160045020397,
      "lon": 9.768746720048359,
      "ville": "Douala",
      "telephone": "233 42 60 30",
      "adresse": "POLYCLINIQUE D'AKWA",
      "region": "Littoral",
      "source": "website_only"
    },
    {
      "nom": "PHARMACIE DU MARCHE",
      "lat": 3.851,
      "lon": 11.5021,
      "ville": "Dschang",
      "telephone": "233 45 21 37",
      "adresse": "699 96 61 27",
      "region": "Ouest",
      "source": "website_only"
    },
    {
      "nom": "PHARMACIE CITE DES PALMIERS",
      "lat": 4.045013031532609,
      "lon": 9.765619909020016,
      "ville": "Douala",
      "telephone": "233372484",
      "adresse": "CITE DES PALMIERS",
      "region": "Littoral",
      "source": "website_only"
    },
    {
      "nom": "PHARMACIE BONAMOUSSADI",
      "lat": 4.046524494653955,
      "lon": 9.762602382532844,
      "ville": "Douala",
      "telephone": "233 47 24 81",
      "adresse": "ROND POINT MAETUR FACE ECOBANK",
      "region": "Littoral",
      "source": "website_only"
    },
    {
      "nom": "PHARMACIE NOTRE DAME DES VICTOIRES 243 064 244Douala: Carrefour WILLIAMS ANDEM",
      "lat": 4.0495190315042695,
      "lon": 9.760568524117511,
      "ville": "Douala",
      "telephone": "",
      "adresse": "",
      "region": "Littoral",
      "source": "website_only"
    },
    {
      "nom": "PHARMACIE DES IMMEUBLES",
      "lat": 4.053369297483706,
      "lon": 9.760228605802695,
      "ville": "Douala",
      "telephone": "652 52 38 24",
      "adresse": "TRADEX KOTTO IMMEUBLE BAR",
      "region": "Littoral",
      "source": "website_only"
    },
    {
      "nom": "PHARMACIE SASS",
      "lat": 4.057123693081476,
      "lon": 9.76190290723265,
      "ville": "Douala",
      "telephone": "233 02 87 43",
      "adresse": "Bapenda Omnisport",
      "region": "Littoral",
      "source": "website_only"
    },
    {
      "nom": "PHARMACIE AMBRE",
      "lat": 3.851,
      "lon": 11.5021,
      "ville": "Edea",
      "telephone": "222 04 01 44",
      "adresse": "EDEA",
      "region": "Littoral",
      "source": "website_only"
    },
    {
      "nom": "PHARMACIE ARC EN CIEL",
      "lat": 3.8510715389666164,
      "lon": 11.503777989385116,
      "ville": "Edea",
      "telephone": "233 46 41 32",
      "adresse": "EDEA657 699 94 83",
      "region": "Littoral",
      "source": "website_only"
    },
    {
      "nom": "PHARMACIE DU PEUPLE",
      "lat": 3.8501612092234723,
      "lon": 11.505465883939232,
      "ville": "Edea",
      "telephone": "233 14 61 79",
      "adresse": "EDEA",
      "region": "Littoral",
      "source": "website_only"
    },
    {
      "nom": "PHARMACIE DE LOUM",
      "lat": 3.851,
      "lon": 11.5021,
      "ville": "Loum",
      "telephone": "233 49 35 45",
      "adresse": "699 53 27 91",
      "region": "Littoral",
      "source": "website_only"
    },
    {
      "nom": "PHARMACIE NOVA MACK",
      "lat": 3.851,
      "lon": 11.5021,
      "ville": "Mbanga",
      "telephone": "243 77 46 95",
      "adresse": "677 66 73 37",
      "region": "Littoral",
      "source": "website_only"
    },
    {
      "nom": "PHARMACIE DE MBANGA33 49 16 15Mbanga:",
      "lat": 3.8510715389666164,
      "lon": 11.503777989385116,
      "ville": "Mbanga",
      "telephone": "699 75 47 55",
      "adresse": "",
      "region": "Littoral",
      "source": "website_only"
    },
    {
      "nom": "PHARMACIE DE MELONGMelong:",
      "lat": 3.851,
      "lon": 11.5021,
      "ville": "Melong",
      "telephone": "",
      "adresse": "",
      "region": "Littoral",
      "source": "website_only"
    },
    {
      "nom": "PHARMACIE PRINCIPALE",
      "lat": 4.953,
      "lon": 9.9333,
      "ville": "Nkongsamba",
      "telephone": "233 49 12 11",
      "adresse": "",
      "region": "Littoral",
      "source": "website_only"
    },
    {
      "nom": "PHARMACIE MANENGOUBA33 49 16 15Nkongsamba:",
      "lat": 4.953071538966617,
      "lon": 9.934977989385114,
      "ville": "Nkongsamba",
      "telephone": "233 49 30 03",
      "adresse": "",
      "region": "Littoral",
      "source": "website_only"
    },
    {
      "nom": "PHARMACIE DU TEMPLE33 49 16 15Nkongsamba:",
      "lat": 4.952161209223473,
      "lon": 9.93666588393923,
      "ville": "Nkongsamba",
      "telephone": "674 45 85 73",
      "adresse": "",
      "region": "Littoral",
      "source": "website_only"
    },
    {
      "nom": "PACIFIC PHARMACY33 49 24 26Nkongsamba:",
      "lat": 4.950318317407505,
      "lon": 9.937788727439717,
      "ville": "Nkongsamba",
      "telephone": "677 70 26 31",
      "adresse": "",
      "region": "Littoral",
      "source": "website_only"
    },
    {
      "nom": "PHARMACIE DU CARREFOUR",
      "lat": 3.851,
      "lon": 11.5021,
      "ville": "Figuil",
      "telephone": "222 27 56 97",
      "adresse": "679 62 14 30",
      "region": "Nord",
      "source": "website_only"
    },
    {
      "nom": "PHARMACIE POPULAIRE",
      "lat": 9.3044,
      "lon": 13.3984,
      "ville": "Garoua",
      "telephone": "222 27 25 11",
      "adresse": "699 86 97 20",
      "region": "Nord",
      "source": "website_only"
    },
    {
      "nom": "PHARMACIE PROVINCIALE",
      "lat": 9.304471538966615,
      "lon": 13.400077989385116,
      "ville": "Garoua",
      "telephone": "677 64 18 56",
      "adresse": "",
      "region": "Nord",
      "source": "website_only"
    },
    {
      "nom": "PHARMACIE MERE D'ENFANT2",
      "lat": 9.303561209223473,
      "lon": 13.401765883939232,
      "ville": "Garoua",
      "telephone": "698 48 72 00",
      "adresse": "",
      "region": "Nord",
      "source": "website_only"
    },
    {
      "nom": "PHARMACIE DU NORD",
      "lat": 9.301718317407504,
      "lon": 13.402888727439718,
      "ville": "Garoua",
      "telephone": "222 27 13 79",
      "adresse": "",
      "region": "Nord",
      "source": "website_only"
    },
    {
      "nom": "PHARMACIE DU LAMIDAT",
      "lat": 9.299319265817264,
      "lon": 13.402946487134129,
      "ville": "Garoua",
      "telephone": "222 27 22 61",
      "adresse": "",
      "region": "Nord",
      "source": "website_only"
    },
    {
      "nom": "PHARMACIE DU CENTRE GAROUA22 27 33 10Garoua:",
      "lat": 9.29699371011449,
      "lon": 13.401691596792572,
      "ville": "Garoua",
      "telephone": "",
      "adresse": "",
      "region": "Nord",
      "source": "website_only"
    },
    {
      "nom": "PHARMACIE DE NGONG",
      "lat": 9.295460045020397,
      "lon": 13.39924672004836,
      "ville": "Garoua",
      "telephone": "670 57 67 40",
      "adresse": "",
      "region": "Nord",
      "source": "website_only"
    },
    {
      "nom": "PHARMACIE DE LA GRANDE MOSQUÉE",
      "lat": 9.29531303153261,
      "lon": 13.396119909020017,
      "ville": "Garoua",
      "telephone": "222 27 27 04",
      "adresse": "",
      "region": "Nord",
      "source": "website_only"
    },
    {
      "nom": "PHARMACIE DE L'ETOILE22 27 13 77Garoua:",
      "lat": 9.296824494653954,
      "lon": 13.393102382532845,
      "ville": "Garoua",
      "telephone": "",
      "adresse": "",
      "region": "Nord",
      "source": "website_only"
    },
    {
      "nom": "PHARMACIE DE L'AMITIE",
      "lat": 9.299819031504269,
      "lon": 13.391068524117513,
      "ville": "Garoua",
      "telephone": "222 27 25 86",
      "adresse": "",
      "region": "Nord",
      "source": "website_only"
    },
    {
      "nom": "PHARMACIE ASSALAM",
      "lat": 9.303669297483705,
      "lon": 13.390728605802696,
      "ville": "Garoua",
      "telephone": "242 17 12 79",
      "adresse": "677 18 53 97",
      "region": "Nord",
      "source": "website_only"
    },
    {
      "nom": "PHARMACIE CARREFOUR BARMARI 77 92 54 15 Garoua:",
      "lat": 9.307423693081475,
      "lon": 13.392402907232652,
      "ville": "Garoua",
      "telephone": "",
      "adresse": "",
      "region": "Nord",
      "source": "website_only"
    },
    {
      "nom": "PHARMACIE DE GAROUA 22 27 24 78 Garoua:",
      "lat": 9.310041532579852,
      "lon": 13.39588526051621,
      "ville": "Garoua",
      "telephone": "",
      "adresse": "",
      "region": "Nord",
      "source": "website_only"
    },
    {
      "nom": "PHARMACIE DE L'ESPOIR",
      "lat": 3.851,
      "lon": 11.5021,
      "ville": "Bagangte",
      "telephone": "233 48 45 93",
      "adresse": "699 55 91 34",
      "region": "Ouest",
      "source": "website_only"
    },
    {
      "nom": "PHARMACIE DE TOUBORO 699 36 92Touboro:",
      "lat": 3.851,
      "lon": 11.5021,
      "ville": "Touboro",
      "telephone": "",
      "adresse": "",
      "region": "Nord",
      "source": "website_only"
    },
    {
      "nom": "CORPORATE PHARMACY",
      "lat": 5.9557,
      "lon": 10.1582,
      "ville": "Bamenda",
      "telephone": "222 27 56 97",
      "adresse": "33 09 54 56",
      "region": "Nord-Ouest",
      "source": "website_only"
    },
    {
      "nom": "FAMILY PHARMACY",
      "lat": 5.955771538966617,
      "lon": 10.159877989385116,
      "ville": "Bamenda",
      "telephone": "233 36 24 26",
      "adresse": "699 87 50 69",
      "region": "Nord-Ouest",
      "source": "website_only"
    },
    {
      "nom": "GRACE PHARMACY LIMITED",
      "lat": 5.9548612092234725,
      "lon": 10.161565883939232,
      "ville": "Bamenda",
      "telephone": "673 47 01 81",
      "adresse": "",
      "region": "Nord-Ouest",
      "source": "website_only"
    },
    {
      "nom": "KAREM PHARMACY",
      "lat": 5.953018317407505,
      "lon": 10.162688727439718,
      "ville": "Bamenda",
      "telephone": "233 36 30 09",
      "adresse": "695 26 52 59",
      "region": "Nord-Ouest",
      "source": "website_only"
    },
    {
      "nom": "MEZAM PHARMACY",
      "lat": 5.950619265817265,
      "lon": 10.162746487134129,
      "ville": "Bamenda",
      "telephone": "233 36 22 08",
      "adresse": "677 76 90 99",
      "region": "Nord-Ouest",
      "source": "website_only"
    },
    {
      "nom": "MILLENIUM PHARMACY",
      "lat": 5.948293710114492,
      "lon": 10.161491596792573,
      "ville": "Bamenda",
      "telephone": "233 36 37 49",
      "adresse": "677 64 59 60",
      "region": "Nord-Ouest",
      "source": "website_only"
    },
    {
      "nom": "NOBLE PHARMACY 33 05 23 95 Bamenda:",
      "lat": 5.9467600450203975,
      "lon": 10.15904672004836,
      "ville": "Bamenda",
      "telephone": "",
      "adresse": "",
      "region": "Nord-Ouest",
      "source": "website_only"
    },
    {
      "nom": "PARK PHARMACY",
      "lat": 5.94661303153261,
      "lon": 10.155919909020017,
      "ville": "Bamenda",
      "telephone": "233 36 37 12",
      "adresse": "699 37 62 05",
      "region": "Nord-Ouest",
      "source": "website_only"
    },
    {
      "nom": "PHARMACIE AMEN",
      "lat": 5.948124494653955,
      "lon": 10.152902382532845,
      "ville": "Bamenda",
      "telephone": "233 36 11 85",
      "adresse": "677 54 41 61",
      "region": "Nord-Ouest",
      "source": "website_only"
    },
    {
      "nom": "PHARMACIE ANDREG PHARMACY",
      "lat": 5.95111903150427,
      "lon": 10.150868524117513,
      "ville": "Bamenda",
      "telephone": "233 36 23 31",
      "adresse": "677 64 71 99",
      "region": "Nord-Ouest",
      "source": "website_only"
    },
    {
      "nom": "PHARMACIE BLACK STAR",
      "lat": 5.954969297483706,
      "lon": 10.150528605802696,
      "ville": "Bamenda",
      "telephone": "233 36 12 04",
      "adresse": "677 96 46 79",
      "region": "Nord-Ouest",
      "source": "website_only"
    },
    {
      "nom": "PHARMACIE CITY CHEMIST",
      "lat": 5.958723693081476,
      "lon": 10.152202907232653,
      "ville": "Bamenda",
      "telephone": "233 36 11 34",
      "adresse": "677 76 47 96",
      "region": "Nord-Ouest",
      "source": "website_only"
    },
    {
      "nom": "PHARMACIE CRYSTAL PHARMACY",
      "lat": 5.961341532579853,
      "lon": 10.15568526051621,
      "ville": "Bamenda",
      "telephone": "233 36 21 55",
      "adresse": "677 76 05 08",
      "region": "Nord-Ouest",
      "source": "website_only"
    },
    {
      "nom": "PHARMACIE PROFESSIONAL PLAZA",
      "lat": 5.961977582444416,
      "lon": 10.160243639886835,
      "ville": "Bamenda",
      "telephone": "233 36 33 20",
      "adresse": "677 75 55 73",
      "region": "Nord-Ouest",
      "source": "website_only"
    },
    {
      "nom": "PHARMACIE SAN PAOLO",
      "lat": 5.960239022543433,
      "lon": 10.16476986598719,
      "ville": "Bamenda",
      "telephone": "233 36 29 31",
      "adresse": "677 32 21 93",
      "region": "Nord-Ouest",
      "source": "website_only"
    },
    {
      "nom": "VILEN PHARMACY",
      "lat": 5.956339670837268,
      "lon": 10.168048999756136,
      "ville": "Bamenda",
      "telephone": "233 36 26 73",
      "adresse": "677 54 41 77",
      "region": "Nord-Ouest",
      "source": "website_only"
    },
    {
      "nom": "LIBERTY PHARMACY",
      "lat": 3.851,
      "lon": 11.5021,
      "ville": "Mbengwy",
      "telephone": "222 27 56 97",
      "adresse": "677 68 41 52",
      "region": "Nord-Ouest",
      "source": "website_only"
    },
    {
      "nom": "PHARMACIE ANDRE DJONGOUE",
      "lat": 3.851,
      "lon": 11.5021,
      "ville": "Bafang",
      "telephone": "233 48 69 51",
      "adresse": "699 58 01 25",
      "region": "Ouest",
      "source": "website_only"
    },
    {
      "nom": "PHARMACIE DU MARCHE BAFANG",
      "lat": 3.8510715389666164,
      "lon": 11.503777989385116,
      "ville": "Bafang",
      "telephone": "233 48 65 28",
      "adresse": "699 28 35 73",
      "region": "Ouest",
      "source": "website_only"
    },
    {
      "nom": "PHARMACIE MOUANKEU",
      "lat": 3.8501612092234723,
      "lon": 11.505465883939232,
      "ville": "Bafang",
      "telephone": "233 48 70 56",
      "adresse": "699 81 78 75",
      "region": "Ouest",
      "source": "website_only"
    },
    {
      "nom": "NOUVELLE PHARMACIE DU BENIN",
      "lat": 5.4767,
      "lon": 10.4179,
      "ville": "Bafoussam",
      "telephone": "233 44 15 57",
      "adresse": "Carrefour Auberge",
      "region": "Ouest",
      "source": "website_only"
    },
    {
      "nom": "PHARMACIE AMIENOISE",
      "lat": 5.4767715389666165,
      "lon": 10.419577989385115,
      "ville": "Bafoussam",
      "telephone": "233 44 51 10",
      "adresse": "Place des Fêtes",
      "region": "Ouest",
      "source": "website_only"
    },
    {
      "nom": "PHARMACIE ANGE GABRIEL",
      "lat": 5.475861209223472,
      "lon": 10.421265883939231,
      "ville": "Bafoussam",
      "telephone": "233 44 18 33",
      "adresse": "Feu Rouge",
      "region": "Ouest",
      "source": "website_only"
    },
    {
      "nom": "PHARMACIE BINAM",
      "lat": 5.474018317407505,
      "lon": 10.422388727439717,
      "ville": "Bafoussam",
      "telephone": "233 44 32 31",
      "adresse": "Route Foumban",
      "region": "Ouest",
      "source": "website_only"
    },
    {
      "nom": "PHARMACIE DE LA MIFI",
      "lat": 5.471619265817265,
      "lon": 10.422446487134128,
      "ville": "Bafoussam",
      "telephone": "233 44 11 63",
      "adresse": "Carrefour TOTAL 677 75 09 38",
      "region": "Ouest",
      "source": "website_only"
    },
    {
      "nom": "PHARMACIE DE LA VISION",
      "lat": 5.469293710114492,
      "lon": 10.421191596792571,
      "ville": "Bafoussam",
      "telephone": "233 44 63 15",
      "adresse": "Sens Interdit 699 51 25 16",
      "region": "Ouest",
      "source": "website_only"
    },
    {
      "nom": "PHARMACIE DES MARTYRS",
      "lat": 5.467760045020397,
      "lon": 10.41874672004836,
      "ville": "Bafoussam",
      "telephone": "233 44 66 80",
      "adresse": "Carrefour BIAO 699 92 57 69",
      "region": "Ouest",
      "source": "website_only"
    },
    {
      "nom": "PHARMACIE DES MONTAGNES",
      "lat": 5.4676130315326095,
      "lon": 10.415619909020016,
      "ville": "Bafoussam",
      "telephone": "233 44 44 56",
      "adresse": "Face UCCAO 699 99 41 94",
      "region": "Ouest",
      "source": "website_only"
    },
    {
      "nom": "PHARMACIE DE LA DIGNITÉ",
      "lat": 3.8510715389666164,
      "lon": 11.503777989385116,
      "ville": "Bagangte",
      "telephone": "233 48 91 27",
      "adresse": "677 74 25 63",
      "region": "Ouest",
      "source": "website_only"
    },
    {
      "nom": "PHARMACIE LE VRAI MEDICAMENT",
      "lat": 3.851,
      "lon": 11.5021,
      "ville": "Bandja",
      "telephone": "677 65 92 62",
      "adresse": "",
      "region": "Ouest",
      "source": "website_only"
    },
    {
      "nom": "PHARMACIE DU KOUNG-KHI",
      "lat": 3.851,
      "lon": 11.5021,
      "ville": "Bandjoun",
      "telephone": "699 78 41 98",
      "adresse": "",
      "region": "Ouest",
      "source": "website_only"
    },
    {
      "nom": "PHARMACIE NEW TODJOM",
      "lat": 3.8510715389666164,
      "lon": 11.503777989385116,
      "ville": "Bandjoun",
      "telephone": "699 82 11 12",
      "adresse": "",
      "region": "Ouest",
      "source": "website_only"
    },
    {
      "nom": "PHARMACIE DE LA MENOUA",
      "lat": 3.8510715389666164,
      "lon": 11.503777989385116,
      "ville": "Dschang",
      "telephone": "233 45 11 93",
      "adresse": "677 77 15 95",
      "region": "Ouest",
      "source": "website_only"
    },
    {
      "nom": "PHARMACIE DE LAH",
      "lat": 3.8501612092234723,
      "lon": 11.505465883939232,
      "ville": "Dschang",
      "telephone": "233 45 12 79",
      "adresse": "677 81 20 85",
      "region": "Ouest",
      "source": "website_only"
    },
    {
      "nom": "PHARMACIE DU CENTRE",
      "lat": 3.8483183174075046,
      "lon": 11.506588727439718,
      "ville": "Dschang",
      "telephone": "233 45 11 94",
      "adresse": "699 98 98 86",
      "region": "Ouest",
      "source": "website_only"
    },
    {
      "nom": "PHARMACIE PERVENCHE PLUS",
      "lat": 3.845919265817264,
      "lon": 11.506646487134129,
      "ville": "Dschang",
      "telephone": "233 45 17 39",
      "adresse": "",
      "region": "Ouest",
      "source": "website_only"
    },
    {
      "nom": "PHARMACIE CENTRALE",
      "lat": 3.851,
      "lon": 11.5021,
      "ville": "Foumban",
      "telephone": "699 45 19 44",
      "adresse": "",
      "region": "Ouest",
      "source": "website_only"
    },
    {
      "nom": "PHARMACIE GRENIER/REPUBLIQUE",
      "lat": 3.851,
      "lon": 11.5021,
      "ville": "Foumbot",
      "telephone": "233 44 63 56",
      "adresse": "699 66 46 91",
      "region": "Ouest",
      "source": "website_only"
    },
    {
      "nom": "PHARMACIE DU BIEN ETRE PLUS",
      "lat": 3.851,
      "lon": 11.5021,
      "ville": "Mbouda",
      "telephone": "696 92 72 22",
      "adresse": "699 66 46 91",
      "region": "Ouest",
      "source": "website_only"
    },
    {
      "nom": "PHARMACIE TOP ETOILE",
      "lat": 3.8510715389666164,
      "lon": 11.503777989385116,
      "ville": "Mbouda",
      "telephone": "233 48 51 19",
      "adresse": "699 98 82 36",
      "region": "Ouest",
      "source": "website_only"
    },
    {
      "nom": "PHARMACIE D'AMBAM",
      "lat": 3.851,
      "lon": 11.5021,
      "ville": "Ambam",
      "telephone": "699 78 25 75",
      "adresse": "",
      "region": "Sud",
      "source": "website_only"
    },
    {
      "nom": "PHARMACIE KYE OSSI 3 NATIONS",
      "lat": 3.8510715389666164,
      "lon": 11.503777989385116,
      "ville": "Ambam",
      "telephone": "656 20 40 30",
      "adresse": "",
      "region": "Sud",
      "source": "website_only"
    },
    {
      "nom": "PHARMACIE DE LA MVILA",
      "lat": 2.903,
      "lon": 11.15,
      "ville": "Ebolowa",
      "telephone": "222 28 49 10",
      "adresse": "",
      "region": "Sud",
      "source": "website_only"
    },
    {
      "nom": "PHARMACIE DU BERCAIL",
      "lat": 2.9030715389666164,
      "lon": 11.151677989385115,
      "ville": "Ebolowa",
      "telephone": "222 00 87 37",
      "adresse": "222 66 08 99",
      "region": "Sud",
      "source": "website_only"
    },
    {
      "nom": "PHARMACIE ROSA PARK",
      "lat": 3.851,
      "lon": 11.5021,
      "ville": "Sangmelima",
      "telephone": "222 47 90 51",
      "adresse": "Sangmelina",
      "region": "Sud",
      "source": "website_only"
    },
    {
      "nom": "AMAZING PHARMACY SARL",
      "lat": 4.1624,
      "lon": 9.2306,
      "ville": "Buea",
      "telephone": "233 32 32 24",
      "adresse": "",
      "region": "Sud-Ouest",
      "source": "website_only"
    },
    {
      "nom": "COMPASSIONATE HEALTH PHARMACY",
      "lat": 4.162471538966616,
      "lon": 9.232277989385116,
      "ville": "Buea",
      "telephone": "233 32 25 66",
      "adresse": "678 77 24 34",
      "region": "Sud-Ouest",
      "source": "website_only"
    },
    {
      "nom": "ENAMEN PHARMACY",
      "lat": 4.161561209223472,
      "lon": 9.233965883939232,
      "ville": "Buea",
      "telephone": "233 32 20 11",
      "adresse": "677 31 73 63",
      "region": "Sud-Ouest",
      "source": "website_only"
    },
    {
      "nom": "MOUNTAIN II PHARMACY",
      "lat": 4.1597183174075045,
      "lon": 9.235088727439718,
      "ville": "Buea",
      "telephone": "233 32 25 46",
      "adresse": "243 18 42 72",
      "region": "Sud-Ouest",
      "source": "website_only"
    },
    {
      "nom": "PHARMACIE SALVATION 33 32 25 45 Buea: 33 32 30 88",
      "lat": 4.157319265817264,
      "lon": 9.235146487134129,
      "ville": "Buea",
      "telephone": "",
      "adresse": "",
      "region": "Sud-Ouest",
      "source": "website_only"
    },
    {
      "nom": "WINNER'S PHARMACY 33 32 33 98 Buea:",
      "lat": 4.154993710114492,
      "lon": 9.233891596792573,
      "ville": "Buea",
      "telephone": "",
      "adresse": "",
      "region": "Sud-Ouest",
      "source": "website_only"
    },
    {
      "nom": "CENTRAL PHARMACY",
      "lat": 4.6363,
      "lon": 9.4167,
      "ville": "Kumba",
      "telephone": "677 30 19 26",
      "adresse": "",
      "region": "Sud-Ouest",
      "source": "website_only"
    },
    {
      "nom": "KUMBA CITY PHARMACY LTD",
      "lat": 4.636371538966617,
      "lon": 9.418377989385116,
      "ville": "Kumba",
      "telephone": "233 35 45 82",
      "adresse": "",
      "region": "Sud-Ouest",
      "source": "website_only"
    },
    {
      "nom": "PREMIER PHARMACY",
      "lat": 4.635461209223473,
      "lon": 9.420065883939232,
      "ville": "Kumba",
      "telephone": "233 35 42 47",
      "adresse": "Face Weekend Bar 677 54 73 87",
      "region": "Sud-Ouest",
      "source": "website_only"
    },
    {
      "nom": "CORE PHARMACY",
      "lat": 3.851,
      "lon": 11.5021,
      "ville": "Likomba",
      "telephone": "233 35 16 09",
      "adresse": "",
      "region": "Sud-Ouest",
      "source": "website_only"
    },
    {
      "nom": "DESTINY PHARMACY",
      "lat": 4.0197,
      "lon": 9.2,
      "ville": "Limbe",
      "telephone": "233 61 24 64",
      "adresse": "",
      "region": "Sud-Ouest",
      "source": "website_only"
    },
    {
      "nom": "FAKO ATLANTIC PHARMACY",
      "lat": 4.019771538966617,
      "lon": 9.201677989385114,
      "ville": "Limbe",
      "telephone": "233 33 26 30",
      "adresse": "",
      "region": "Sud-Ouest",
      "source": "website_only"
    },
    {
      "nom": "LIMBE PHARMACY LTD Mile One",
      "lat": 4.018861209223473,
      "lon": 9.203365883939231,
      "ville": "Limbe",
      "telephone": "233 33 21 97",
      "adresse": "",
      "region": "Sud-Ouest",
      "source": "website_only"
    },
    {
      "nom": "MEDICINE SHOPPE PHARMACY",
      "lat": 4.017018317407505,
      "lon": 9.204488727439717,
      "ville": "Limbe",
      "telephone": "233 33 30 73",
      "adresse": "679 67 75 57",
      "region": "Sud-Ouest",
      "source": "website_only"
    },
    {
      "nom": "PRIME PHARMACY",
      "lat": 4.014619265817265,
      "lon": 9.204546487134127,
      "ville": "Limbe",
      "telephone": "233 33 29 28",
      "adresse": "",
      "region": "Sud-Ouest",
      "source": "website_only"
    },
    {
      "nom": "PHARMACIE FRIVERALIN",
      "lat": 3.851,
      "lon": 11.5021,
      "ville": "Mutengene",
      "telephone": "699 98 35 05",
      "adresse": "",
      "region": "Sud-Ouest",
      "source": "website_only"
    },
    {
      "nom": "MIDLAND PHARMACY",
      "lat": 3.851,
      "lon": 11.5021,
      "ville": "Muyuka",
      "telephone": "670 53 18 60",
      "adresse": "",
      "region": "Sud-Ouest",
      "source": "website_only"
    },
    {
      "nom": "PHARMACIE DU SOURIRE",
      "lat": 3.8510715389666164,
      "lon": 11.503777989385116,
      "ville": "Muyuka",
      "telephone": "699 81 46 35",
      "adresse": "",
      "region": "Sud-Ouest",
      "source": "website_only"
    }
  ]
}