{
  "created_at": "2025-12-11T16:36:28.568302",
  "total_count": 164,
  "pharmacies": [
    {
      "nom": "PHARMACIE DU MAYO BANYO",
      "telephone": "699 52 24 77",
      "adresse": "695 20 97 01",
      "ville": "Banyo",
      "region": "Adamaoua",
      "lat": 6.753,
      "lon": 11.8167,
      "coord_source": "city_center"
    },
    {
      "nom": "PHARMACIE CARREFOUR AOUDI",
      "telephone": "233 08 08 48",
      "adresse": "677 71 64 93",
      "ville": "Ngaoundere",
      "region": "Adamaoua",
      "lat": 7.3197,
      "lon": 13.5833,
      "coord_source": "city_center"
    },
    {
      "nom": "PHARMACIE ADAMA",
      "telephone": "242 25 24 64",
      "adresse": "",
      "ville": "Ngaoundere",
      "region": "Adamaoua",
      "lat": 7.3210125,
      "lon": 13.5751594,
      "coord_source": "osm"
    },
    {
      "nom": "PHARMACIE DE L'ESPERANCE",
      "telephone": "222 25 11 76",
      "adresse": "",
      "ville": "Ngaoundere",
      "region": "Adamaoua",
      "lat": 7.3211319,
      "lon": 13.5790409,
      "coord_source": "osm"
    },
    {
      "nom": "PHARMACIE DE L'ENTENTE22 19 80 51Ngaoundéré:",
      "telephone": "",
      "adresse": "",
      "ville": "Ngaoundere",
      "region": "Adamaoua",
      "lat": 7.3197715389666165,
      "lon": 13.584977989385115,
      "coord_source": "city_center"
    },
    {
      "nom": "PHARMACIE DE LA GARE NGAOUNDERE",
      "telephone": "222 25 16 88",
      "adresse": "694 01 01 45",
      "ville": "Ngaoundere",
      "region": "Adamaoua",
      "lat": 7.318861209223472,
      "lon": 13.586665883939231,
      "coord_source": "city_center"
    },
    {
      "nom": "PHARMACIE GRAND MARCHE NGAOUNDERE22 15 78 44Ngaoundéré:",
      "telephone": "699 10 05 54",
      "adresse": "",
      "ville": "Ngaoundere",
      "region": "Adamaoua",
      "lat": 7.317018317407505,
      "lon": 13.587788727439717,
      "coord_source": "city_center"
    },
    {
      "nom": "PHARMACIE LA VINA",
      "telephone": "222 25 14 68",
      "adresse": "",
      "ville": "Ngaoundere",
      "region": "Adamaoua",
      "lat": 7.314619265817265,
      "lon": 13.587846487134128,
      "coord_source": "city_center"
    },
    {
      "nom": "PHARMACIE AIDA 22 28 57 70 BAFIA",
      "telephone": "674 14 57 57",
      "adresse": "",
      "ville": "Bafia",
      "region": "Centre",
      "lat": 4.753,
      "lon": 11.2333,
      "coord_source": "city_center"
    },
    {
      "nom": "PHARMACIE BASIA",
      "telephone": "222 28 54 04",
      "adresse": "BAFIA",
      "ville": "Bafia",
      "region": "Centre",
      "lat": 4.7530715389666165,
      "lon": 11.234977989385115,
      "coord_source": "city_center"
    },
    {
      "nom": "PHARMACIE VIMLI",
      "telephone": "222 04 85 38",
      "adresse": "Mbalmayo",
      "ville": "Mbalmayo",
      "region": "Centre",
      "lat": 3.5208244,
      "lon": 11.5053473,
      "coord_source": "osm"
    },
    {
      "nom": "PHARMACIE NYONG",
      "telephone": "697 40 54 36",
      "adresse": "Mbalmayo",
      "ville": "Mbalmayo",
      "region": "Centre",
      "lat": 3.5197000000000003,
      "lon": 11.5,
      "coord_source": "city_center"
    },
    {
      "nom": "PHARMACIE PATIENCE",
      "telephone": "222 28 17 56",
      "adresse": "Mbalmayo",
      "ville": "Mbalmayo",
      "region": "Centre",
      "lat": 4.0811236,
      "lon": 9.7471699,
      "coord_source": "osm"
    },
    {
      "nom": "PHARMACIE CANNES",
      "telephone": "222 23 68 30",
      "adresse": "Mbandjock",
      "ville": "Mbandjock",
      "region": "Centre",
      "lat": 4.4491951,
      "lon": 11.9024619,
      "coord_source": "city_center"
    },
    {
      "nom": "PHARMACIE CAMERIC",
      "telephone": "679 79 50 79",
      "adresse": "",
      "ville": "Mbankomo",
      "region": "Centre",
      "lat": 3.7909071,
      "lon": 11.4024031,
      "coord_source": "city_center"
    },
    {
      "nom": "PHARMACIE AFAMBA",
      "telephone": "222 20 68 48",
      "adresse": "NOUVELLE GESTION",
      "ville": "Obala",
      "region": "Centre",
      "lat": 4.1663908,
      "lon": 11.5351055,
      "coord_source": "osm"
    },
    {
      "nom": "PHARMACIE SAINT THOMAS",
      "telephone": "699 68 59 35",
      "adresse": "Obala",
      "ville": "Obala",
      "region": "Centre",
      "lat": 4.1651556,
      "lon": 11.5342753,
      "coord_source": "osm"
    },
    {
      "nom": "PHARMACIE D'OBALA",
      "telephone": "222 28 56 78",
      "adresse": "Obala 677 63 98 26",
      "ville": "Obala",
      "region": "Centre",
      "lat": 4.1697,
      "lon": 11.5333,
      "coord_source": "city_center"
    },
    {
      "nom": "PHARMACIE DE LA RENAISSANCE",
      "telephone": "677 98 20 76",
      "adresse": "",
      "ville": "Sa A",
      "region": "Centre",
      "lat": 2.923978,
      "lon": 11.1549474,
      "coord_source": "osm"
    },
    {
      "nom": "PHARMACIE de Sa'a",
      "telephone": "222 28 58 77",
      "adresse": "Sa'a",
      "ville": "Sa A",
      "region": "Centre",
      "lat": 4.3623152,
      "lon": 11.4399521,
      "coord_source": "osm"
    },
    {
      "nom": "PHARMACIE PALAIS",
      "telephone": "691 54 16 18",
      "adresse": "ETOUDI STATIONNEMENT",
      "ville": "Yaounde",
      "region": "Centre",
      "lat": 3.9145154,
      "lon": 11.525617,
      "coord_source": "osm"
    },
    {
      "nom": "PHARMACIE ACACIAS",
      "telephone": "699 61 96 54",
      "adresse": "BIYEM-ASSI CENTRE",
      "ville": "Yaounde",
      "region": "Centre",
      "lat": 3.851,
      "lon": 11.5021,
      "coord_source": "city_center"
    },
    {
      "nom": "PHARMACIE D'ODZA",
      "telephone": "222 30 51 33",
      "adresse": "Carrefour MBOG-ABANG 697 99 85 90",
      "ville": "Yaounde",
      "region": "Centre",
      "lat": 3.8510715389666164,
      "lon": 11.503777989385116,
      "coord_source": "city_center"
    },
    {
      "nom": "WORLD PHARMACY",
      "telephone": "670 11 60 14",
      "adresse": "CAMP SIC NLONGKAK 693 96 42 34",
      "ville": "Yaounde",
      "region": "Centre",
      "lat": 3.8501612092234723,
      "lon": 11.505465883939232,
      "coord_source": "city_center"
    },
    {
      "nom": "PHARMACIE PETALES",
      "telephone": "222 23 15 97",
      "adresse": "vers LE CAPITOLE",
      "ville": "Yaounde",
      "region": "Centre",
      "lat": 3.8483183174075046,
      "lon": 11.506588727439718,
      "coord_source": "city_center"
    },
    {
      "nom": "PHARMACIE DU JOURDAIN",
      "telephone": "242 02 60 30",
      "adresse": "Immeuble MACABO - NKOMKANA 222 22 28 63",
      "ville": "Yaounde",
      "region": "Centre",
      "lat": 3.8847155,
      "lon": 11.4977339,
      "coord_source": "osm"
    },
    {
      "nom": "PHARMACIE MARIJOVA",
      "telephone": "699 98 86 83",
      "adresse": "Entrée CARREFOUR MECC",
      "ville": "Yaounde",
      "region": "Centre",
      "lat": 3.8703088,
      "lon": 11.4816399,
      "coord_source": "osm"
    },
    {
      "nom": "Nasturtium Pharmacy",
      "telephone": "242 66 63 05",
      "adresse": "Siantou Supérieur699 83 81 06",
      "ville": "Yaounde",
      "region": "Centre",
      "lat": 3.845919265817264,
      "lon": 11.506646487134129,
      "coord_source": "city_center"
    },
    {
      "nom": "PHARMACIE PERSEVERANCE",
      "telephone": "243 84 41 35",
      "adresse": "AWAE ESCALIER 243 84 67 75",
      "ville": "Yaounde",
      "region": "Centre",
      "lat": 3.843593710114492,
      "lon": 11.505391596792572,
      "coord_source": "city_center"
    },
    {
      "nom": "PHARMACIE ISIS",
      "telephone": "222 23 35 78",
      "adresse": "EMOMBO 2ème CARREFOUR",
      "ville": "Yaounde",
      "region": "Centre",
      "lat": 3.8642524,
      "lon": 11.5483223,
      "coord_source": "osm"
    },
    {
      "nom": "PHARMACIE HERMES",
      "telephone": "243 64 11 81",
      "adresse": "Face BOULANGERIE NEZATI_EMANA 677 98 70 75",
      "ville": "Yaounde",
      "region": "Centre",
      "lat": 3.842060045020397,
      "lon": 11.50294672004836,
      "coord_source": "city_center"
    },
    {
      "nom": "PHARMACIE DE LA VIE",
      "telephone": "222 22 67 87",
      "adresse": "face FOKOU MOKOLO",
      "ville": "Yaounde",
      "region": "Centre",
      "lat": 3.8419130315326098,
      "lon": 11.499819909020017,
      "coord_source": "city_center"
    },
    {
      "nom": "PHARMACIE DE MINKAN",
      "telephone": "673 49 07 17",
      "adresse": "Carrefour JESUS 697 24 77 75",
      "ville": "Yaounde",
      "region": "Centre",
      "lat": 3.8434244946539544,
      "lon": 11.496802382532845,
      "coord_source": "city_center"
    },
    {
      "nom": "PHARMACIE LEADER",
      "telephone": "694 04 21 88",
      "adresse": "à côté de la BGFI BANK, Omnisports",
      "ville": "Yaounde",
      "region": "Centre",
      "lat": 3.846419031504269,
      "lon": 11.494768524117513,
      "coord_source": "city_center"
    },
    {
      "nom": "CHEKEM PHARMACY",
      "telephone": "672 51 89 19",
      "adresse": "face SUN CITY - ESSOS",
      "ville": "Yaounde",
      "region": "Centre",
      "lat": 3.8502692974837056,
      "lon": 11.494428605802696,
      "coord_source": "city_center"
    },
    {
      "nom": "PHARMACIE DE L'ESPERANCE",
      "telephone": "698 00 96 72",
      "adresse": "",
      "ville": "Abong Mbang",
      "region": "Est",
      "lat": 7.3211319,
      "lon": 13.5790409,
      "coord_source": "osm"
    },
    {
      "nom": "ORIENT PHARMACY",
      "telephone": "242 63 56 33",
      "adresse": ":",
      "ville": "Batouri",
      "region": "Est",
      "lat": 4.4363,
      "lon": 14.35,
      "coord_source": "city_center"
    },
    {
      "nom": "PHARMACIE LA GLOIRE",
      "telephone": "222 12 47 48",
      "adresse": "À coté du SENAJES, quartier TINDAMBA6222 24 23 23",
      "ville": "Bertoua",
      "region": "Est",
      "lat": 4.5802000000000005,
      "lon": 13.6847,
      "coord_source": "city_center"
    },
    {
      "nom": "PHARMACIE STELLA",
      "telephone": "222 24 23 37",
      "adresse": "Quartier BAVELE6677 42 93 49",
      "ville": "Bertoua",
      "region": "Est",
      "lat": 4.580271538966617,
      "lon": 13.686377989385115,
      "coord_source": "city_center"
    },
    {
      "nom": "PHARMACIE LE BRUXELLOIS",
      "telephone": "222 24 17 17",
      "adresse": "Face Délégation du Travail696 39 93 23",
      "ville": "Bertoua",
      "region": "Est",
      "lat": 4.579361209223473,
      "lon": 13.688065883939231,
      "coord_source": "city_center"
    },
    {
      "nom": "PHARMACIE LA GÉNÉRALE",
      "telephone": "222 24 21 24",
      "adresse": "Derrière Radio AURORE699 53 70 46",
      "ville": "Bertoua",
      "region": "Est",
      "lat": 4.5751983,
      "lon": 13.6809435,
      "coord_source": "osm"
    },
    {
      "nom": "PHARMACIE GALIEN",
      "telephone": "222 24 14 16",
      "adresse": "Face Légion de Gendarmerie677 89 57 58",
      "ville": "Bertoua",
      "region": "Est",
      "lat": 4.5774887,
      "lon": 13.686422,
      "coord_source": "osm"
    },
    {
      "nom": "PHARMACIE MOKOLO",
      "telephone": "222 24 21 24",
      "adresse": "Derrière Radio AURORE : 699 53 70 46",
      "ville": "Bertoua",
      "region": "Est",
      "lat": 4.579299,
      "lon": 13.6841366,
      "coord_source": "osm"
    },
    {
      "nom": "PHARMACIE DE LA FRONTIÈRE",
      "telephone": "699 22 32 99",
      "adresse": "",
      "ville": "Garoua Boulai",
      "region": "Est",
      "lat": 5.8978457,
      "lon": 14.5471591,
      "coord_source": "city_center"
    },
    {
      "nom": "PHARMACIE QUSSUR",
      "telephone": "675 08 69 08",
      "adresse": "",
      "ville": "Kousseri",
      "region": "Extrême-Nord",
      "lat": 12.0863,
      "lon": 15.0333,
      "coord_source": "city_center"
    },
    {
      "nom": "PHARMACIE DU CHARI",
      "telephone": "222 29 40 80",
      "adresse": "675 25 43 01",
      "ville": "Kousseri",
      "region": "Extrême-Nord",
      "lat": 12.086371538966615,
      "lon": 15.034977989385116,
      "coord_source": "city_center"
    },
    {
      "nom": "PHARMACIE CARREFOUR AOUDI",
      "telephone": "222 29 40 82",
      "adresse": "242 17 24 88",
      "ville": "Kousseri",
      "region": "Extrême-Nord",
      "lat": 12.085461209223473,
      "lon": 15.036665883939232,
      "coord_source": "city_center"
    },
    {
      "nom": "PHARMACIE DE MAGA",
      "telephone": "699 51 90 59",
      "adresse": "",
      "ville": "Maga",
      "region": "Extrême-Nord",
      "lat": 10.8446007,
      "lon": 14.9526862,
      "coord_source": "city_center"
    },
    {
      "nom": "PHARMACIE KALIAO",
      "telephone": "222 29 32 59",
      "adresse": "",
      "ville": "Maroua",
      "region": "Extrême-Nord",
      "lat": 10.5997372,
      "lon": 14.3177771,
      "coord_source": "osm"
    },
    {
      "nom": "PHARMACIE FERNGO",
      "telephone": "222 29 15 43",
      "adresse": "Quartier Kakatare",
      "ville": "Maroua",
      "region": "Extrême-Nord",
      "lat": 10.5945889,
      "lon": 14.3148331,
      "coord_source": "osm"
    },
    {
      "nom": "PHARMACIE EXTREME NORD22 29 12 40Maroua: Quartier Kakatare",
      "telephone": "",
      "adresse": "",
      "ville": "Maroua",
      "region": "Extrême-Nord",
      "lat": 10.5986,
      "lon": 14.3159,
      "coord_source": "city_center"
    },
    {
      "nom": "PHARMACIE EMERAUDE",
      "telephone": "696 29 73 96",
      "adresse": "Quartier Kakatare",
      "ville": "Maroua",
      "region": "Extrême-Nord",
      "lat": 10.6009259,
      "lon": 14.3214742,
      "coord_source": "osm"
    },
    {
      "nom": "PHARMACIE DU SAHEL22 29 16 56Maroua:",
      "telephone": "",
      "adresse": "",
      "ville": "Maroua",
      "region": "Extrême-Nord",
      "lat": 10.598671538966615,
      "lon": 14.317577989385114,
      "coord_source": "city_center"
    },
    {
      "nom": "PHARMACIE DU CENTRE MAROUA",
      "telephone": "222 29 12 09",
      "adresse": "",
      "ville": "Maroua",
      "region": "Extrême-Nord",
      "lat": 10.597761209223473,
      "lon": 14.31926588393923,
      "coord_source": "city_center"
    },
    {
      "nom": "PHARMACIE DU BOULEVARD",
      "telephone": "222 29 32 31",
      "adresse": "",
      "ville": "Maroua",
      "region": "Extrême-Nord",
      "lat": 10.5941316,
      "lon": 14.3218412,
      "coord_source": "osm"
    },
    {
      "nom": "PHARMACIE DE MAROUA6",
      "telephone": "222 29 33 14",
      "adresse": "",
      "ville": "Maroua",
      "region": "Extrême-Nord",
      "lat": 10.595918317407504,
      "lon": 14.320388727439717,
      "coord_source": "city_center"
    },
    {
      "nom": "PHARMACIE DOMAYO SARL",
      "telephone": "699 59 84 83",
      "adresse": "",
      "ville": "Maroua",
      "region": "Extrême-Nord",
      "lat": 10.593519265817264,
      "lon": 14.320446487134127,
      "coord_source": "city_center"
    },
    {
      "nom": "PHARMACIE DU MAYO DANAY",
      "telephone": "222 29 65 20",
      "adresse": "",
      "ville": "Yagoua",
      "region": "Extrême-Nord",
      "lat": 10.3431214,
      "lon": 15.2307747,
      "coord_source": "osm"
    },
    {
      "nom": "PHARMACIE DU BON SECOURS",
      "telephone": "222 20 25 19",
      "adresse": "677 73 68 82",
      "ville": "Yagoua",
      "region": "Extrême-Nord",
      "lat": 10.3474296,
      "lon": 15.2265866,
      "coord_source": "city_center"
    },
    {
      "nom": "ST. JOSEF PHARMACY",
      "telephone": "699 10 48 18",
      "adresse": "LOGBESSOU SISTERS' HOP STREET",
      "ville": "Douala",
      "region": "Littoral",
      "lat": 4.0541,
      "lon": 9.7679,
      "coord_source": "city_center"
    },
    {
      "nom": "PHARMACIE AXIALE",
      "telephone": "233 41 39 39",
      "adresse": "Axe lourd BEPANDA 674 14 57 57",
      "ville": "Douala",
      "region": "Littoral",
      "lat": 4.0707651,
      "lon": 9.718707,
      "coord_source": "osm"
    },
    {
      "nom": "PHARMACIE LA TRINITE",
      "telephone": "233 42 46 44",
      "adresse": "RUE JAMOT CLINIQUE DU BERCEAU",
      "ville": "Douala",
      "region": "Littoral",
      "lat": 4.054171538966616,
      "lon": 9.769577989385114,
      "coord_source": "city_center"
    },
    {
      "nom": "PHARMACIE CARREFOUR ANATOLE",
      "telephone": "233128697",
      "adresse": "TOTAL ANATOLE BALI",
      "ville": "Douala",
      "region": "Littoral",
      "lat": 4.053261209223472,
      "lon": 9.77126588393923,
      "coord_source": "city_center"
    },
    {
      "nom": "PHARMACIE NJO NJO",
      "telephone": "233423925",
      "adresse": "AVENUE NJO NJO",
      "ville": "Douala",
      "region": "Littoral",
      "lat": 4.051418317407505,
      "lon": 9.772388727439717,
      "coord_source": "city_center"
    },
    {
      "nom": "PHARMACIE SHEKINA",
      "telephone": "699 60 88 41",
      "adresse": "ENTREE LYCEE NDOGPASSI",
      "ville": "Douala",
      "region": "Littoral",
      "lat": 4.049019265817265,
      "lon": 9.772446487134127,
      "coord_source": "city_center"
    },
    {
      "nom": "010PHARMACIE ARC",
      "telephone": "233 42 60 30",
      "adresse": "POLYCLINIQUE D'AKWA",
      "ville": "Douala",
      "region": "Littoral",
      "lat": 4.046693710114492,
      "lon": 9.77119159679257,
      "coord_source": "city_center"
    },
    {
      "nom": "PHARMACIE DU MARCHE",
      "telephone": "233 42 64 57",
      "adresse": "A COTE COMMISSARIAT MADAGASCAR",
      "ville": "Douala",
      "region": "Littoral",
      "lat": 4.045160045020397,
      "lon": 9.768746720048359,
      "coord_source": "city_center"
    },
    {
      "nom": "PHARMACIE CITE DES PALMIERS",
      "telephone": "233372484",
      "adresse": "CITE DES PALMIERS",
      "ville": "Douala",
      "region": "Littoral",
      "lat": 4.045013031532609,
      "lon": 9.765619909020016,
      "coord_source": "city_center"
    },
    {
      "nom": "PHARMACIE BONAMOUSSADI",
      "telephone": "233 47 24 81",
      "adresse": "ROND POINT MAETUR FACE ECOBANK",
      "ville": "Douala",
      "region": "Littoral",
      "lat": 4.0919031,
      "lon": 9.7373708,
      "coord_source": "osm"
    },
    {
      "nom": "PHARMACIE NOTRE DAME DES VICTOIRES 243 064 244Douala: Carrefour WILLIAMS ANDEM",
      "telephone": "",
      "adresse": "",
      "ville": "Douala",
      "region": "Littoral",
      "lat": 4.046524494653955,
      "lon": 9.762602382532844,
      "coord_source": "city_center"
    },
    {
      "nom": "PHARMACIE DES IMMEUBLES",
      "telephone": "652 52 38 24",
      "adresse": "TRADEX KOTTO IMMEUBLE BAR",
      "ville": "Douala",
      "region": "Littoral",
      "lat": 4.0495190315042695,
      "lon": 9.760568524117511,
      "coord_source": "city_center"
    },
    {
      "nom": "PHARMACIE SASS",
      "telephone": "233 02 87 43",
      "adresse": "Bapenda Omnisport",
      "ville": "Douala",
      "region": "Littoral",
      "lat": 4.053369297483706,
      "lon": 9.760228605802695,
      "coord_source": "city_center"
    },
    {
      "nom": "PHARMACIE AMBRE",
      "telephone": "222 04 01 44",
      "adresse": "EDEA",
      "ville": "Edea",
      "region": "Littoral",
      "lat": 3.7984985,
      "lon": 10.1294123,
      "coord_source": "osm"
    },
    {
      "nom": "PHARMACIE ARC EN CIEL",
      "telephone": "233 46 41 32",
      "adresse": "EDEA657 699 94 83",
      "ville": "Edea",
      "region": "Littoral",
      "lat": 3.803,
      "lon": 10.1333,
      "coord_source": "city_center"
    },
    {
      "nom": "PHARMACIE DU PEUPLE",
      "telephone": "233 14 61 79",
      "adresse": "EDEA",
      "ville": "Edea",
      "region": "Littoral",
      "lat": 3.8030715389666163,
      "lon": 10.134977989385115,
      "coord_source": "city_center"
    },
    {
      "nom": "PHARMACIE DE LOUM",
      "telephone": "233 49 35 45",
      "adresse": "699 53 27 91",
      "ville": "Loum",
      "region": "Littoral",
      "lat": 4.7197000000000005,
      "lon": 9.7333,
      "coord_source": "city_center"
    },
    {
      "nom": "PHARMACIE NOVA MACK",
      "telephone": "243 77 46 95",
      "adresse": "677 66 73 37",
      "ville": "Mbanga",
      "region": "Littoral",
      "lat": 4.502078,
      "lon": 9.5657366,
      "coord_source": "city_center"
    },
    {
      "nom": "PHARMACIE DE MBANGA33 49 16 15Mbanga:",
      "telephone": "699 75 47 55",
      "adresse": "",
      "ville": "Mbanga",
      "region": "Littoral",
      "lat": 4.502149538966616,
      "lon": 9.567414589385114,
      "coord_source": "city_center"
    },
    {
      "nom": "PHARMACIE DE MELONGMelong:",
      "telephone": "",
      "adresse": "",
      "ville": "Melong",
      "region": "Littoral",
      "lat": 5.124582,
      "lon": 9.949155,
      "coord_source": "city_center"
    },
    {
      "nom": "PHARMACIE PRINCIPALE",
      "telephone": "233 49 12 11",
      "adresse": "",
      "ville": "Nkongsamba",
      "region": "Littoral",
      "lat": 4.953,
      "lon": 9.9333,
      "coord_source": "city_center"
    },
    {
      "nom": "PHARMACIE MANENGOUBA33 49 16 15Nkongsamba:",
      "telephone": "233 49 30 03",
      "adresse": "",
      "ville": "Nkongsamba",
      "region": "Littoral",
      "lat": 4.953071538966617,
      "lon": 9.934977989385114,
      "coord_source": "city_center"
    },
    {
      "nom": "PHARMACIE DU TEMPLE33 49 16 15Nkongsamba:",
      "telephone": "674 45 85 73",
      "adresse": "",
      "ville": "Nkongsamba",
      "region": "Littoral",
      "lat": 4.952161209223473,
      "lon": 9.93666588393923,
      "coord_source": "city_center"
    },
    {
      "nom": "PACIFIC PHARMACY33 49 24 26Nkongsamba:",
      "telephone": "677 70 26 31",
      "adresse": "",
      "ville": "Nkongsamba",
      "region": "Littoral",
      "lat": 4.950318317407505,
      "lon": 9.937788727439717,
      "coord_source": "city_center"
    },
    {
      "nom": "PHARMACIE DU CARREFOUR",
      "telephone": "222 27 56 97",
      "adresse": "679 62 14 30",
      "ville": "Figuil",
      "region": "Nord",
      "lat": 9.7635307,
      "lon": 13.959974,
      "coord_source": "city_center"
    },
    {
      "nom": "PHARMACIE POPULAIRE",
      "telephone": "222 27 25 11",
      "adresse": "699 86 97 20",
      "ville": "Garoua",
      "region": "Nord",
      "lat": 9.3122831,
      "lon": 13.4008138,
      "coord_source": "osm"
    },
    {
      "nom": "PHARMACIE PROVINCIALE",
      "telephone": "677 64 18 56",
      "adresse": "",
      "ville": "Garoua",
      "region": "Nord",
      "lat": 9.303648,
      "lon": 13.4006208,
      "coord_source": "osm"
    },
    {
      "nom": "PHARMACIE MERE D'ENFANT2",
      "telephone": "698 48 72 00",
      "adresse": "",
      "ville": "Garoua",
      "region": "Nord",
      "lat": 9.3044,
      "lon": 13.3984,
      "coord_source": "city_center"
    },
    {
      "nom": "PHARMACIE DU NORD",
      "telephone": "222 27 13 79",
      "adresse": "",
      "ville": "Garoua",
      "region": "Nord",
      "lat": 9.2996212,
      "lon": 13.3904095,
      "coord_source": "osm"
    },
    {
      "nom": "PHARMACIE DU LAMIDAT",
      "telephone": "222 27 22 61",
      "adresse": "",
      "ville": "Garoua",
      "region": "Nord",
      "lat": 9.304471538966615,
      "lon": 13.400077989385116,
      "coord_source": "city_center"
    },
    {
      "nom": "PHARMACIE DU CENTRE GAROUA22 27 33 10Garoua:",
      "telephone": "",
      "adresse": "",
      "ville": "Garoua",
      "region": "Nord",
      "lat": 9.303561209223473,
      "lon": 13.401765883939232,
      "coord_source": "city_center"
    },
    {
      "nom": "PHARMACIE DE NGONG",
      "telephone": "670 57 67 40",
      "adresse": "",
      "ville": "Garoua",
      "region": "Nord",
      "lat": 9.301718317407504,
      "lon": 13.402888727439718,
      "coord_source": "city_center"
    },
    {
      "nom": "PHARMACIE DE LA GRANDE MOSQUÉE",
      "telephone": "222 27 27 04",
      "adresse": "",
      "ville": "Garoua",
      "region": "Nord",
      "lat": 9.3299898,
      "lon": 13.411216,
      "coord_source": "osm"
    },
    {
      "nom": "PHARMACIE DE L'ETOILE22 27 13 77Garoua:",
      "telephone": "",
      "adresse": "",
      "ville": "Garoua",
      "region": "Nord",
      "lat": 9.299319265817264,
      "lon": 13.402946487134129,
      "coord_source": "city_center"
    },
    {
      "nom": "PHARMACIE DE L'AMITIE",
      "telephone": "222 27 25 86",
      "adresse": "",
      "ville": "Garoua",
      "region": "Nord",
      "lat": 9.29699371011449,
      "lon": 13.401691596792572,
      "coord_source": "city_center"
    },
    {
      "nom": "PHARMACIE ASSALAM",
      "telephone": "242 17 12 79",
      "adresse": "677 18 53 97",
      "ville": "Garoua",
      "region": "Nord",
      "lat": 9.3075596,
      "lon": 13.4024969,
      "coord_source": "osm"
    },
    {
      "nom": "PHARMACIE CARREFOUR BARMARI 77 92 54 15 Garoua:",
      "telephone": "",
      "adresse": "",
      "ville": "Garoua",
      "region": "Nord",
      "lat": 9.295460045020397,
      "lon": 13.39924672004836,
      "coord_source": "city_center"
    },
    {
      "nom": "PHARMACIE DE GAROUA 22 27 24 78 Garoua:",
      "telephone": "",
      "adresse": "",
      "ville": "Garoua",
      "region": "Nord",
      "lat": 9.29531303153261,
      "lon": 13.396119909020017,
      "coord_source": "city_center"
    },
    {
      "nom": "PHARMACIE DE L'ESPOIR",
      "telephone": "222 27 50 49",
      "adresse": "",
      "ville": "Guider",
      "region": "Nord",
      "lat": 5.1421589,
      "lon": 10.5208055,
      "coord_source": "osm"
    },
    {
      "nom": "PHARMACIE DE TOUBORO 699 36 92Touboro:",
      "telephone": "",
      "adresse": "",
      "ville": "Touboro",
      "region": "Nord",
      "lat": 7.7863,
      "lon": 15.3667,
      "coord_source": "city_center"
    },
    {
      "nom": "CORPORATE PHARMACY",
      "telephone": "222 27 56 97",
      "adresse": "33 09 54 56",
      "ville": "Bamenda",
      "region": "Nord-Ouest",
      "lat": 5.9557,
      "lon": 10.1582,
      "coord_source": "city_center"
    },
    {
      "nom": "FAMILY PHARMACY",
      "telephone": "233 36 24 26",
      "adresse": "699 87 50 69",
      "ville": "Bamenda",
      "region": "Nord-Ouest",
      "lat": 5.955771538966617,
      "lon": 10.159877989385116,
      "coord_source": "city_center"
    },
    {
      "nom": "GRACE PHARMACY LIMITED",
      "telephone": "673 47 01 81",
      "adresse": "",
      "ville": "Bamenda",
      "region": "Nord-Ouest",
      "lat": 5.9548612092234725,
      "lon": 10.161565883939232,
      "coord_source": "city_center"
    },
    {
      "nom": "KAREM PHARMACY",
      "telephone": "233 36 30 09",
      "adresse": "695 26 52 59",
      "ville": "Bamenda",
      "region": "Nord-Ouest",
      "lat": 5.953018317407505,
      "lon": 10.162688727439718,
      "coord_source": "city_center"
    },
    {
      "nom": "MEZAM PHARMACY",
      "telephone": "233 36 22 08",
      "adresse": "677 76 90 99",
      "ville": "Bamenda",
      "region": "Nord-Ouest",
      "lat": 5.950619265817265,
      "lon": 10.162746487134129,
      "coord_source": "city_center"
    },
    {
      "nom": "MILLENIUM PHARMACY",
      "telephone": "233 36 37 49",
      "adresse": "677 64 59 60",
      "ville": "Bamenda",
      "region": "Nord-Ouest",
      "lat": 5.948293710114492,
      "lon": 10.161491596792573,
      "coord_source": "city_center"
    },
    {
      "nom": "NOBLE PHARMACY 33 05 23 95 Bamenda:",
      "telephone": "",
      "adresse": "",
      "ville": "Bamenda",
      "region": "Nord-Ouest",
      "lat": 5.9467600450203975,
      "lon": 10.15904672004836,
      "coord_source": "city_center"
    },
    {
      "nom": "PARK PHARMACY",
      "telephone": "233 36 37 12",
      "adresse": "699 37 62 05",
      "ville": "Bamenda",
      "region": "Nord-Ouest",
      "lat": 5.94661303153261,
      "lon": 10.155919909020017,
      "coord_source": "city_center"
    },
    {
      "nom": "PHARMACIE AMEN",
      "telephone": "233 36 11 85",
      "adresse": "677 54 41 61",
      "ville": "Bamenda",
      "region": "Nord-Ouest",
      "lat": 5.948124494653955,
      "lon": 10.152902382532845,
      "coord_source": "city_center"
    },
    {
      "nom": "PHARMACIE ANDREG PHARMACY",
      "telephone": "233 36 23 31",
      "adresse": "677 64 71 99",
      "ville": "Bamenda",
      "region": "Nord-Ouest",
      "lat": 5.95111903150427,
      "lon": 10.150868524117513,
      "coord_source": "city_center"
    },
    {
      "nom": "PHARMACIE BLACK STAR",
      "telephone": "233 36 12 04",
      "adresse": "677 96 46 79",
      "ville": "Bamenda",
      "region": "Nord-Ouest",
      "lat": 5.954969297483706,
      "lon": 10.150528605802696,
      "coord_source": "city_center"
    },
    {
      "nom": "PHARMACIE CITY CHEMIST",
      "telephone": "233 36 11 34",
      "adresse": "677 76 47 96",
      "ville": "Bamenda",
      "region": "Nord-Ouest",
      "lat": 5.958723693081476,
      "lon": 10.152202907232653,
      "coord_source": "city_center"
    },
    {
      "nom": "PHARMACIE CRYSTAL PHARMACY",
      "telephone": "233 36 21 55",
      "adresse": "677 76 05 08",
      "ville": "Bamenda",
      "region": "Nord-Ouest",
      "lat": 5.961341532579853,
      "lon": 10.15568526051621,
      "coord_source": "city_center"
    },
    {
      "nom": "PHARMACIE PROFESSIONAL PLAZA",
      "telephone": "233 36 33 20",
      "adresse": "677 75 55 73",
      "ville": "Bamenda",
      "region": "Nord-Ouest",
      "lat": 5.961977582444416,
      "lon": 10.160243639886835,
      "coord_source": "city_center"
    },
    {
      "nom": "PHARMACIE SAN PAOLO",
      "telephone": "233 36 29 31",
      "adresse": "677 32 21 93",
      "ville": "Bamenda",
      "region": "Nord-Ouest",
      "lat": 5.960239022543433,
      "lon": 10.16476986598719,
      "coord_source": "city_center"
    },
    {
      "nom": "VILEN PHARMACY",
      "telephone": "233 36 26 73",
      "adresse": "677 54 41 77",
      "ville": "Bamenda",
      "region": "Nord-Ouest",
      "lat": 5.956339670837268,
      "lon": 10.168048999756136,
      "coord_source": "city_center"
    },
    {
      "nom": "LIBERTY PHARMACY",
      "telephone": "222 27 56 97",
      "adresse": "677 68 41 52",
      "ville": "Mbengwy",
      "region": "Nord-Ouest",
      "lat": 3.851,
      "lon": 11.5021,
      "coord_source": "city_center"
    },
    {
      "nom": "PHARMACIE ANDRE DJONGOUE",
      "telephone": "233 48 69 51",
      "adresse": "699 58 01 25",
      "ville": "Bafang",
      "region": "Ouest",
      "lat": 5.1530000000000005,
      "lon": 10.1833,
      "coord_source": "city_center"
    },
    {
      "nom": "PHARMACIE DU MARCHE BAFANG",
      "telephone": "233 48 65 28",
      "adresse": "699 28 35 73",
      "ville": "Bafang",
      "region": "Ouest",
      "lat": 5.153071538966617,
      "lon": 10.184977989385114,
      "coord_source": "city_center"
    },
    {
      "nom": "PHARMACIE MOUANKEU",
      "telephone": "233 48 70 56",
      "adresse": "699 81 78 75",
      "ville": "Bafang",
      "region": "Ouest",
      "lat": 5.152161209223473,
      "lon": 10.18666588393923,
      "coord_source": "city_center"
    },
    {
      "nom": "NOUVELLE PHARMACIE DU BENIN",
      "telephone": "233 44 15 57",
      "adresse": "Carrefour Auberge",
      "ville": "Bafoussam",
      "region": "Ouest",
      "lat": 5.4767,
      "lon": 10.4179,
      "coord_source": "city_center"
    },
    {
      "nom": "PHARMACIE AMIENOISE",
      "telephone": "233 44 51 10",
      "adresse": "Place des Fêtes",
      "ville": "Bafoussam",
      "region": "Ouest",
      "lat": 5.470068,
      "lon": 10.4174216,
      "coord_source": "osm"
    },
    {
      "nom": "PHARMACIE ANGE GABRIEL",
      "telephone": "233 44 18 33",
      "adresse": "Feu Rouge",
      "ville": "Bafoussam",
      "region": "Ouest",
      "lat": 5.4767715389666165,
      "lon": 10.419577989385115,
      "coord_source": "city_center"
    },
    {
      "nom": "PHARMACIE BINAM",
      "telephone": "233 44 32 31",
      "adresse": "Route Foumban",
      "ville": "Bafoussam",
      "region": "Ouest",
      "lat": 5.4827335,
      "lon": 10.4291904,
      "coord_source": "osm"
    },
    {
      "nom": "PHARMACIE DE LA MIFI",
      "telephone": "233 44 11 63",
      "adresse": "Carrefour TOTAL 677 75 09 38",
      "ville": "Bafoussam",
      "region": "Ouest",
      "lat": 5.475861209223472,
      "lon": 10.421265883939231,
      "coord_source": "city_center"
    },
    {
      "nom": "PHARMACIE DE LA VISION",
      "telephone": "233 44 63 15",
      "adresse": "Sens Interdit 699 51 25 16",
      "ville": "Bafoussam",
      "region": "Ouest",
      "lat": 5.474018317407505,
      "lon": 10.422388727439717,
      "coord_source": "city_center"
    },
    {
      "nom": "PHARMACIE DES MARTYRS",
      "telephone": "233 44 66 80",
      "adresse": "Carrefour BIAO 699 92 57 69",
      "ville": "Bafoussam",
      "region": "Ouest",
      "lat": 5.4777978,
      "lon": 10.416742,
      "coord_source": "osm"
    },
    {
      "nom": "PHARMACIE DES MONTAGNES",
      "telephone": "233 44 44 56",
      "adresse": "Face UCCAO 699 99 41 94",
      "ville": "Bafoussam",
      "region": "Ouest",
      "lat": 5.4761661,
      "lon": 10.4187008,
      "coord_source": "osm"
    },
    {
      "nom": "PHARMACIE DE L'ESPOIR",
      "telephone": "233 48 45 93",
      "adresse": "699 55 91 34",
      "ville": "Bagangte",
      "region": "Ouest",
      "lat": 5.1421589,
      "lon": 10.5208055,
      "coord_source": "osm"
    },
    {
      "nom": "PHARMACIE DE LA DIGNITÉ",
      "telephone": "233 48 91 27",
      "adresse": "677 74 25 63",
      "ville": "Bagangte",
      "region": "Ouest",
      "lat": 5.1450279000000005,
      "lon": 10.5285536,
      "coord_source": "city_center"
    },
    {
      "nom": "PHARMACIE LE VRAI MEDICAMENT",
      "telephone": "677 65 92 62",
      "adresse": "",
      "ville": "Bandja",
      "region": "Ouest",
      "lat": 5.2679943,
      "lon": 10.2288462,
      "coord_source": "city_center"
    },
    {
      "nom": "PHARMACIE DU KOUNG-KHI",
      "telephone": "699 78 41 98",
      "adresse": "",
      "ville": "Bandjoun",
      "region": "Ouest",
      "lat": 5.3778573000000005,
      "lon": 10.4121552,
      "coord_source": "city_center"
    },
    {
      "nom": "PHARMACIE NEW TODJOM",
      "telephone": "699 82 11 12",
      "adresse": "",
      "ville": "Bandjoun",
      "region": "Ouest",
      "lat": 5.377928838966617,
      "lon": 10.413833189385116,
      "coord_source": "city_center"
    },
    {
      "nom": "PHARMACIE DE LA MENOUA",
      "telephone": "233 45 11 93",
      "adresse": "677 77 15 95",
      "ville": "Dschang",
      "region": "Ouest",
      "lat": 5.453,
      "lon": 10.0667,
      "coord_source": "city_center"
    },
    {
      "nom": "PHARMACIE DE LAH",
      "telephone": "233 45 12 79",
      "adresse": "677 81 20 85",
      "ville": "Dschang",
      "region": "Ouest",
      "lat": 5.453071538966617,
      "lon": 10.068377989385116,
      "coord_source": "city_center"
    },
    {
      "nom": "PHARMACIE DU CENTRE",
      "telephone": "233 45 11 94",
      "adresse": "699 98 98 86",
      "ville": "Dschang",
      "region": "Ouest",
      "lat": 4.0569621,
      "lon": 9.7219542,
      "coord_source": "osm"
    },
    {
      "nom": "PHARMACIE DU MARCHE",
      "telephone": "233 45 21 37",
      "adresse": "699 96 61 27",
      "ville": "Dschang",
      "region": "Ouest",
      "lat": 5.452161209223473,
      "lon": 10.070065883939233,
      "coord_source": "city_center"
    },
    {
      "nom": "PHARMACIE PERVENCHE PLUS",
      "telephone": "233 45 17 39",
      "adresse": "",
      "ville": "Dschang",
      "region": "Ouest",
      "lat": 5.450318317407505,
      "lon": 10.071188727439718,
      "coord_source": "city_center"
    },
    {
      "nom": "PHARMACIE CENTRALE",
      "telephone": "699 45 19 44",
      "adresse": "",
      "ville": "Foumban",
      "region": "Ouest",
      "lat": 5.7363,
      "lon": 10.9,
      "coord_source": "city_center"
    },
    {
      "nom": "PHARMACIE GRENIER/REPUBLIQUE",
      "telephone": "233 44 63 56",
      "adresse": "699 66 46 91",
      "ville": "Foumbot",
      "region": "Ouest",
      "lat": 5.503,
      "lon": 10.6333,
      "coord_source": "city_center"
    },
    {
      "nom": "PHARMACIE DU BIEN ETRE PLUS",
      "telephone": "696 92 72 22",
      "adresse": "699 66 46 91",
      "ville": "Mbouda",
      "region": "Ouest",
      "lat": 5.6363,
      "lon": 10.25,
      "coord_source": "city_center"
    },
    {
      "nom": "PHARMACIE TOP ETOILE",
      "telephone": "233 48 51 19",
      "adresse": "699 98 82 36",
      "ville": "Mbouda",
      "region": "Ouest",
      "lat": 5.636371538966617,
      "lon": 10.251677989385115,
      "coord_source": "city_center"
    },
    {
      "nom": "PHARMACIE D'AMBAM",
      "telephone": "699 78 25 75",
      "adresse": "",
      "ville": "Ambam",
      "region": "Sud",
      "lat": 2.3863000000000003,
      "lon": 11.2833,
      "coord_source": "city_center"
    },
    {
      "nom": "PHARMACIE KYE OSSI 3 NATIONS",
      "telephone": "656 20 40 30",
      "adresse": "",
      "ville": "Ambam",
      "region": "Sud",
      "lat": 2.3863715389666167,
      "lon": 11.284977989385116,
      "coord_source": "city_center"
    },
    {
      "nom": "PHARMACIE DE LA MVILA",
      "telephone": "222 28 49 10",
      "adresse": "",
      "ville": "Ebolowa",
      "region": "Sud",
      "lat": 2.9190833,
      "lon": 11.1516224,
      "coord_source": "osm"
    },
    {
      "nom": "PHARMACIE DU BERCAIL",
      "telephone": "222 00 87 37",
      "adresse": "222 66 08 99",
      "ville": "Ebolowa",
      "region": "Sud",
      "lat": 2.9208897,
      "lon": 11.1505664,
      "coord_source": "osm"
    },
    {
      "nom": "PHARMACIE ROSA PARK",
      "telephone": "222 47 90 51",
      "adresse": "Sangmelina",
      "ville": "Sangmelima",
      "region": "Sud",
      "lat": 2.9363,
      "lon": 11.9833,
      "coord_source": "city_center"
    },
    {
      "nom": "AMAZING PHARMACY SARL",
      "telephone": "233 32 32 24",
      "adresse": "",
      "ville": "Buea",
      "region": "Sud-Ouest",
      "lat": 4.1624,
      "lon": 9.2306,
      "coord_source": "city_center"
    },
    {
      "nom": "COMPASSIONATE HEALTH PHARMACY",
      "telephone": "233 32 25 66",
      "adresse": "678 77 24 34",
      "ville": "Buea",
      "region": "Sud-Ouest",
      "lat": 4.162471538966616,
      "lon": 9.232277989385116,
      "coord_source": "city_center"
    },
    {
      "nom": "ENAMEN PHARMACY",
      "telephone": "233 32 20 11",
      "adresse": "677 31 73 63",
      "ville": "Buea",
      "region": "Sud-Ouest",
      "lat": 4.161561209223472,
      "lon": 9.233965883939232,
      "coord_source": "city_center"
    },
    {
      "nom": "MOUNTAIN II PHARMACY",
      "telephone": "233 32 25 46",
      "adresse": "243 18 42 72",
      "ville": "Buea",
      "region": "Sud-Ouest",
      "lat": 4.1597183174075045,
      "lon": 9.235088727439718,
      "coord_source": "city_center"
    },
    {
      "nom": "PHARMACIE SALVATION 33 32 25 45 Buea: 33 32 30 88",
      "telephone": "",
      "adresse": "",
      "ville": "Buea",
      "region": "Sud-Ouest",
      "lat": 4.157319265817264,
      "lon": 9.235146487134129,
      "coord_source": "city_center"
    },
    {
      "nom": "WINNER'S PHARMACY 33 32 33 98 Buea:",
      "telephone": "",
      "adresse": "",
      "ville": "Buea",
      "region": "Sud-Ouest",
      "lat": 4.154993710114492,
      "lon": 9.233891596792573,
      "coord_source": "city_center"
    },
    {
      "nom": "CENTRAL PHARMACY",
      "telephone": "677 30 19 26",
      "adresse": "",
      "ville": "Kumba",
      "region": "Sud-Ouest",
      "lat": 4.6363,
      "lon": 9.4167,
      "coord_source": "city_center"
    },
    {
      "nom": "KUMBA CITY PHARMACY LTD",
      "telephone": "233 35 45 82",
      "adresse": "",
      "ville": "Kumba",
      "region": "Sud-Ouest",
      "lat": 4.636371538966617,
      "lon": 9.418377989385116,
      "coord_source": "city_center"
    },
    {
      "nom": "PREMIER PHARMACY",
      "telephone": "233 35 42 47",
      "adresse": "Face Weekend Bar 677 54 73 87",
      "ville": "Kumba",
      "region": "Sud-Ouest",
      "lat": 4.635461209223473,
      "lon": 9.420065883939232,
      "coord_source": "city_center"
    },
    {
      "nom": "CORE PHARMACY",
      "telephone": "233 35 16 09",
      "adresse": "",
      "ville": "Likomba",
      "region": "Sud-Ouest",
      "lat": 4.0697,
      "lon": 9.25,
      "coord_source": "city_center"
    },
    {
      "nom": "DESTINY PHARMACY",
      "telephone": "233 61 24 64",
      "adresse": "",
      "ville": "Limbe",
      "region": "Sud-Ouest",
      "lat": 4.0197,
      "lon": 9.2,
      "coord_source": "city_center"
    },
    {
      "nom": "FAKO ATLANTIC PHARMACY",
      "telephone": "233 33 26 30",
      "adresse": "",
      "ville": "Limbe",
      "region": "Sud-Ouest",
      "lat": 4.0111107,
      "lon": 9.2075151,
      "coord_source": "osm"
    },
    {
      "nom": "LIMBE PHARMACY LTD Mile One",
      "telephone": "233 33 21 97",
      "adresse": "",
      "ville": "Limbe",
      "region": "Sud-Ouest",
      "lat": 4.019771538966617,
      "lon": 9.201677989385114,
      "coord_source": "city_center"
    },
    {
      "nom": "MEDICINE SHOPPE PHARMACY",
      "telephone": "233 33 30 73",
      "adresse": "679 67 75 57",
      "ville": "Limbe",
      "region": "Sud-Ouest",
      "lat": 4.018861209223473,
      "lon": 9.203365883939231,
      "coord_source": "city_center"
    },
    {
      "nom": "PRIME PHARMACY",
      "telephone": "233 33 29 28",
      "adresse": "",
      "ville": "Limbe",
      "region": "Sud-Ouest",
      "lat": 4.0150393,
      "lon": 9.2089792,
      "coord_source": "osm"
    },
    {
      "nom": "PHARMACIE FRIVERALIN",
      "telephone": "699 98 35 05",
      "adresse": "",
      "ville": "Mutengene",
      "region": "Sud-Ouest",
      "lat": 4.0863000000000005,
      "lon": 9.3167,
      "coord_source": "city_center"
    },
    {
      "nom": "MIDLAND PHARMACY",
      "telephone": "670 53 18 60",
      "adresse": "",
      "ville": "Muyuka",
      "region": "Sud-Ouest",
      "lat": 4.2863,
      "lon": 9.4,
      "coord_source": "city_center"
    },
    {
      "nom": "PHARMACIE DU SOURIRE",
      "telephone": "699 81 46 35",
      "adresse": "",
      "ville": "Muyuka",
      "region": "Sud-Ouest",
      "lat": 4.286371538966616,
      "lon": 9.401677989385115,
      "coord_source": "city_center"
    }
  ]
}